A1,1
A1,2
A1,3
A1,4
A1,5
A1,6
A1,7
A1,8
A1,9
A1,10
A1,11
A1,12
A1,13
A1,14
A1,15
A1,16
A2,17
A2,18
A2,19
A2,20
A2,21
A2,22
A2,23
A2,24
A2,25
A2,26
A2,27
A2,28
A2,29
A2,30
A2,31
A2,32
A2,33
A3,34
A3,35
A3,36
A3,37
A3,38
A3,39
A3,40
A3,41
A3,42
A3,43
A3,44
A3,45
A3,46
A3,47
A3,48
A3,49
A3,50
A3,51
A3,52
A3,53
A3,54
A3,55
A3,56
A3,57
A3,58
A4,59
A4,60
A4,61
A4,62
A4,63
A4,64
A4,65
A4,66
A4,67
A4,68
A4,69
A4,70
A4,71
A4,72
A4,73
A4,74
A4,75
A5,76
A5,77
A5,78
A5,79
A5,80
A5,81
A5,82
A5,83
A5,84
A5,85
A5,86
B1,1
B1,2
B1,3
B1,4
B1,5
B1,6
B1,7
B1,8
B1,9
B1,10
B1,11
B1,12
B1,13
B1,14
B1,15
B1,16
B2,17
B2,18
B2,19
B2,20
B2,21
B2,22
B2,23
B2,24
B2,25
B2,26
B2,27
B2,28
B2,29
B2,30
B2,31
B2,32
B2,33
B3,34
B3,35
B3,36
B3,37
B3,38
B3,39
B3,40
B3,41
B3,42
B3,43
B3,44
B3,45
B3,46
B3,47
B3,48
B3,49
B3,50
B3,51
B3,52
B3,53
B3,54
B3,55
B3,56
B3,57
B3,58
B4,59
B4,60
B4,61
B4,62
B4,63
B4,64
B4,65
B4,66
B4,67
B4,68
B4,69
B4,70
B4,71
B4,72
B4,73
B4,74
B4,75
B5,76
B5,77
B5,78
B5,79
B5,80
B5,81
B5,82
B5,83
B5,84
B5,85
B5,86
B5,87
B5,88
B5,89
B5,90
B5,91
